type,size,start,end
fifo,524288,1575814665502267,1575814666140353
fifo,262144,1575814692060765,1575814692809846
fifo,131072,1575814703451300,1575814704132374
fifo,655536,1575814714498207,1575814715283188
fifo,65536,1575814795671859,1575814796202325
fifo,32768,1575814808129528,1575814808650503
fifo,16384,1575814815570254,1575814816183178
fifo,8192,1575814823648711,1575814824327077
fifo,4096,1575814832048212,1575814832705935
fifo,2048,1575814842126150,1575814843203860
fifo,1024,1575814856163761,1575814858231751
fifo,512,1575814868647096,1575814871839425
fifo,256,1575814881511377,1575814887066212
fifo,128,1575814895405240,1575814906186406
fifo,1048576,1575814918422577,1575814919135888
fifo,2097152,1575814934196156,1575814934898158
fifo,4194304,1575814945150437,1575814945859405
fifo,8388608,1575814954045748,1575814954683053
fifo,16777216,1575814963768986,1575814964457555
fifo,33554432,1575814977914865,1575814978633186
fifo,67108864,1575814990044631,1575814990722622
fifo,134217728,1575815003330743,1575815003993988
fifo,268435456,1575815013622644,1575815014308423
fifo,536870912,1575815035779592,1575815036412485
msg,128,1576182165601469,1576182171682344
msg,256,1576182189848627,1576182193577694
msg,512,1576182209592940,1576182211323762
msg,1024,1576182220134399,1576182221238283
msg,2048,1576182231465919,1576182232165616
msg,4096,1576182239397927,1576182240067165
msg,8192,1576182250628364,1576182251188670
shm,524288,1576183470650824,1576183471176425
shm,128,1576183486602631,1576183528331753
shm,256,1576183543676351,1576183570066456
shm,512,1576183590052176,1576183602215993
shm,1024,1576183618962620,1576183628789091
shm,2048,1576183640624983,1576183645756329
shm,4096,1576183655141068,1576183658107929
shm,8192,1576183672899566,1576183674661755
shm,16384,1576183683909189,1576183685076373
shm,32768,1576183700433019,1576183701240413
shm,65536,1576183733009009,1576183733664668
shm,131072,1576183742775827,1576183743347572
shm,262144,1576183751998462,1576183752493786
shm,268435456,1576184896086065,1576184896566381
shm,2097152,1576184906444579,1576184906931214
shm,4194304,1576184914896379,1576184915339119
shm,8388608,1576184922368618,1576184922816348
shm,16777216,1576184929882251,1576184930331187
shm,33554432,1576184936528447,1576184936974734
shm,67108864,1576184944634413,1576184945085425
shm,134217728,1576184951879510,1576184952336673
shm,268435456,1576184958504482,1576184958958409
